Date,Open,High,Low,Close,Adj Close,Volume
1/4/2021,21.09000015,21.12999916,20.54999924,20.82999992,17.18442726,14485100
1/5/2021,21.43000031,22.78000069,21.37000084,22.37999916,18.46315002,25447500
1/6/2021,23.37000084,23.86000061,22.94000053,23.40999985,19.31288719,25221400
1/7/2021,23.71999931,24.14999962,23.5,23.90999985,19.72537994,16470700
1/8/2021,24.17000008,24.48999977,23.98999977,24.39999962,20.1296196,20189600
1/11/2021,23.76000023,24.5,23.68000031,24.37999916,20.11311913,12509400
1/12/2021,24.94000053,25.19000053,24.71999931,25.01000023,20.63286209,16990200
1/13/2021,25.11000061,25.12000084,24.62000084,24.78000069,20.44311523,14152800
1/14/2021,25.02000046,25.54999924,24.96999931,25.46999931,21.0123539,14279000
1/15/2021,24.79999924,24.88999939,24.13999939,24.26000023,20.01412201,24063900
1/19/2021,24.62000084,24.79999924,24.40999985,24.64999962,20.33586693,15885200
1/20/2021,24.77000046,24.89999962,24.47999954,24.80999947,20.46786499,13765900
1/21/2021,24.65999985,24.68000031,23.79000092,24.02000046,19.81612778,11675500
1/22/2021,23.45000076,23.93000031,23.34000015,23.87000084,19.69238281,15195000
1/25/2021,23.15999985,23.22999954,22.76000023,23.06999969,19.03238869,17207700
1/26/2021,23.28000069,23.45999908,23,23.03000069,18.99939346,12207100
1/27/2021,22.77000046,23.30999947,22.40999985,22.72999954,18.751894,14209300
1/28/2021,22.85000038,23.18000031,22.65999985,22.86000061,18.85914803,11086800
1/29/2021,22.54000092,22.69000053,22.04999924,22.21999931,18.33115005,12194600
2/1/2021,22.29000092,22.37000084,21.82999992,22.20999908,18.32290459,19573400
2/2/2021,21.47999954,21.5,20.43000031,20.75,17.11842537,44853000
2/3/2021,20.68000031,21.30999947,20.67000008,21.27000046,17.54741859,25418100
2/4/2021,21.15999985,21.23999977,20.77000046,20.98999977,17.31642342,26715800
2/5/2021,21,21.15999985,20.70000076,20.80999947,17.16792679,29872200
2/8/2021,21.20000076,22.21999931,21.17000008,22.03000069,18.17440796,35302600
2/9/2021,21.67000008,21.88999939,21.29000092,21.72999954,17.9269104,19116900
2/10/2021,21.31999969,21.70000076,21.15999985,21.57999992,17.80316162,17641200
2/11/2021,21.34000015,21.46999931,21.20999908,21.37000084,17.62991524,10939200
2/12/2021,21.23999977,21.95000076,21.17000008,21.90999985,18.07541084,12072900
2/16/2021,23.09000015,23.29999924,22.88999939,23.18000031,19.12314224,18144000
2/17/2021,23.29000092,23.59000015,22.90999985,23.57999992,19.45313454,17490100
2/18/2021,22.86000061,23.01000023,22.44000053,22.45999908,18.7800293,13338600
2/19/2021,22.55999947,22.97999954,22.53000069,22.87000084,19.12285423,12257700
2/22/2021,22.89999962,23.90999985,22.86000061,23.62999916,19.75832748,16249700
2/23/2021,24.07999992,24.31999969,23.32999992,24.22999954,20.26002502,21295500
2/24/2021,24.63999939,25.44000053,24.52000046,25.29999924,21.15470505,21440900
2/25/2021,25.92000008,26.12999916,25.27000046,25.59000015,21.39719391,28613600
2/26/2021,24.76000023,24.85000038,24.18000031,24.40999985,20.41053009,22962500
3/1/2021,24.81999969,25.09000015,24.47999954,24.57999992,20.55267525,12169100
3/2/2021,24.62000084,25.07999992,24.59000015,24.77000046,20.71154404,10630400
3/3/2021,24.95999908,25.97999954,24.95999908,25.57999992,21.38883209,20420600
3/4/2021,25.79999924,26.47999954,25.54000092,26.03000069,21.76509857,21228900
3/5/2021,26.82999992,27.10000038,26.32999992,26.77000046,22.38385391,21166300
3/8/2021,26.32999992,26.70999908,25.95999908,26.54000092,22.19153786,14731100
3/9/2021,26.31999969,26.44000053,25.97999954,26.11000061,21.8319912,12226600
3/10/2021,26.17000008,26.65999985,26.06999969,26.64999962,22.28351402,12277400
3/11/2021,26.72999954,26.98999977,26.5,26.64999962,22.28351402,9835600
3/12/2021,26.75,27.03000069,26.71999931,26.95999908,22.54272079,8777400
3/15/2021,26.70000076,26.84000015,26.20999908,26.48999977,22.14973068,13034900
3/16/2021,26.12000084,26.17000008,25.69000053,26.07999992,21.80690956,10586100
3/17/2021,25.95000076,26.54000092,25.95000076,26.46999931,22.13300896,9737200
3/18/2021,26.29000092,26.45000076,25.34000015,25.40999985,21.24668121,12076800
3/19/2021,25.37999916,25.81999969,25.06999969,25.44000053,21.27176666,10844700
3/22/2021,25.45999908,25.62999916,25.29999924,25.35000038,21.19651413,11557800
3/23/2021,24.52000046,24.80999947,24.04000092,24.05999947,20.11787796,16836400
3/24/2021,24.42000008,25.04999924,24.42000008,24.75,20.6948204,19087200
3/25/2021,24.20999908,24.60000038,23.88999939,24.56999969,20.54431343,13726800
3/26/2021,25.14999962,25.23999977,24.94000053,25.22999954,21.09617996,13100100
3/29/2021,24.93000031,25.28000069,24.81999969,25.18000031,21.05436897,11019200
3/30/2021,24.84000015,25.02000046,24.70000076,24.87999916,20.80352402,7130200
3/31/2021,24.61000061,24.68000031,24.30999947,24.35000038,20.3603611,10283200
4/1/2021,24.46999931,24.61000061,24.10000038,24.57999992,20.55267525,14540500
4/5/2021,24.57999992,24.70999908,24.10000038,24.26000023,20.28510857,19634400
4/6/2021,24.88999939,25.53000069,24.80999947,25.10000038,20.98747826,24553400
4/7/2021,25.20000076,25.56999969,25.14999962,25.37000084,21.21323776,15516900
4/8/2021,24.94000053,24.94000053,24.47999954,24.71999931,20.66974068,19213800
4/9/2021,24.57999992,24.77000046,24.31999969,24.38999939,20.39380455,14609800
4/12/2021,24.67000008,24.93000031,24.47999954,24.62000084,20.58612633,20539600
4/13/2021,24.70000076,24.79999924,24.54000092,24.62000084,20.58612633,15819900
4/14/2021,24.94000053,25.77000046,24.89999962,25.54000092,21.35538864,22882400
4/15/2021,25.35000038,25.44000053,25.10000038,25.20000076,21.07109261,12977200
4/16/2021,25.37999916,25.45999908,25.04000092,25.18000031,21.05436897,10707500
4/19/2021,25.45999908,25.62999916,25.19000053,25.30999947,21.16306877,10967200
4/20/2021,25.14999962,25.14999962,24.39999962,24.78000069,20.71990967,19407600
4/21/2021,24.56999969,25.01000023,24.48999977,24.95999908,20.87041664,14763100
4/22/2021,24.72999954,24.78000069,24.30999947,24.34000015,20.3520031,14872800
4/23/2021,24.35000038,24.54999924,24.22999954,24.52000046,20.50250435,12323700
4/26/2021,24.67000008,24.95999908,24.64999962,24.92000008,20.83696747,14850900
4/27/2021,25.13999939,25.30999947,24.72999954,24.94000053,20.85368919,16564200
4/28/2021,25.29999924,25.72999954,25.29000092,25.63999939,21.43899727,18853100
4/29/2021,25.82999992,25.95000076,25.29999924,25.5,21.32193947,11644600
4/30/2021,25.45000076,25.62000084,25.15999985,25.15999985,21.03764534,8501900
5/3/2021,25.46999931,25.72999954,25.31999969,25.69000053,21.48080635,8035900
5/4/2021,26,26.13999939,25.65999985,25.92000008,21.67312241,13943400
5/5/2021,26.22999954,26.78000069,26.11000061,26.78000069,22.39222145,19475900
5/6/2021,26.29000092,26.53000069,25.92000008,26.5,22.42183113,11450100
5/7/2021,26.03000069,26.75,25.93000031,26.72999954,22.6164341,11713500
5/10/2021,26.98999977,27.20000076,26.60000038,26.62000084,22.52336502,11723900
5/11/2021,26.07999992,26.45000076,25.94000053,25.96999931,21.97339058,14524700
5/12/2021,26.35000038,26.86000061,26.10000038,26.19000053,22.15953636,13957900
5/13/2021,25.88999939,26.27000046,25.55999947,25.88999939,21.90570641,13309600
5/14/2021,26.30999947,26.72999954,26.29999924,26.64999962,22.5487442,15699600
5/17/2021,26.47999954,27.07999992,26.47999954,27.07999992,22.91257095,11436500
5/18/2021,27.35000038,27.46999931,26.72999954,26.86000061,22.72642899,17890500
5/19/2021,26.37999916,26.48999977,26,26.18000031,22.15107346,16020700
5/20/2021,26.35000038,26.56999969,26.18000031,26.52000046,22.43875122,12517700
5/21/2021,26.63999939,26.80999947,26.46999931,26.52000046,22.43875122,9388900
5/24/2021,26.69000053,27.07999992,26.5,27.02000046,22.86180305,11078400
5/25/2021,26.86000061,26.89999962,26.23999977,26.28000069,22.23568916,12534900
5/26/2021,26.31999969,26.45999908,26.20000076,26.30999947,22.26106644,9430300
5/27/2021,26.04000092,26.29000092,26.02000046,26.28000069,22.23568916,18662900
5/28/2021,26.12999916,26.34000015,26.06999969,26.22999954,22.19338417,15650700
6/1/2021,26.77000046,27.07999992,26.75,27.02000046,22.86180305,19036800
6/2/2021,27.14999962,27.70999908,26.94000053,27.62999916,23.3779335,19368500
6/3/2021,27.37999916,27.87999916,27.30999947,27.76000023,23.48792458,13473600
6/4/2021,27.62000084,27.72999954,27.19000053,27.44000053,23.21716881,13349100
6/7/2021,27.43000031,27.54999924,27.22999954,27.26000023,23.06487083,9083900
6/8/2021,27.06999969,27.88999939,26.94000053,27.72999954,23.46253967,16476300
6/9/2021,27.78000069,27.93000031,27.56999969,27.59000015,23.34408951,11880500
6/10/2021,27.89999962,28.06999969,27.37999916,27.51000023,23.27639961,8183700
6/11/2021,27.72999954,27.93000031,27.47999954,27.54000092,23.30178452,9107700
6/14/2021,27.87999916,28.48999977,27.86000061,28.04000092,23.72483444,12362200
6/15/2021,27.95000076,28.46999931,27.95000076,28.37999916,24.0125103,10116200
6/16/2021,28.29000092,28.31999969,27.78000069,27.93000031,23.63176155,9203900
6/17/2021,27.80999947,27.93000031,26.82999992,27.18000031,22.99718285,13052100
6/18/2021,26.30999947,26.63999939,26.07999992,26.10000038,22.08338928,15720200
6/21/2021,26.36000061,26.96999931,26.36000061,26.94000053,22.79411697,10679800
6/22/2021,27.11000061,27.28000069,26.85000038,27.14999962,22.97179794,6998200
6/23/2021,27.69000053,27.84000015,27.18000031,27.22999954,23.03948402,9445500
6/24/2021,27.31999969,27.39999962,27.14999962,27.31999969,23.11563492,9270600
6/25/2021,27.47999954,27.56999969,27.27000046,27.31999969,23.11563492,7337500
6/28/2021,26.95999908,26.97999954,26.37000084,26.45999908,22.38798523,13491100
6/29/2021,26.54999924,26.70000076,26.27000046,26.27000046,22.22722626,7186500
6/30/2021,26.29999924,26.59000015,26.28000069,26.42000008,22.35413933,6730300
7/1/2021,27.12000084,27.22999954,26.87999916,27.07999992,22.91257095,9532900
7/2/2021,26.95999908,27.04999924,26.70999908,26.97999954,22.82796288,5748800
7/6/2021,26.89999962,26.92000008,25.72999954,25.96999931,21.97339058,17917900
7/7/2021,25.78000069,26.12000084,25.46999931,25.72999954,21.77032852,13309100
7/8/2021,25.22999954,25.79000092,25.20000076,25.57999992,21.64341354,10075500
7/9/2021,25.84000015,26.10000038,25.69000053,26.01000023,22.00723839,7059700
7/12/2021,25.77000046,26.14999962,25.57999992,25.87999916,21.89724541,6634400
7/13/2021,25.82999992,25.92000008,25.54000092,25.57999992,21.64341354,7422500
7/14/2021,25.86000061,26.04000092,25.18000031,25.22999954,21.34727669,11657500
7/15/2021,24.72999954,25,24.60000038,24.64999962,20.85653305,9777300
7/16/2021,24.82999992,24.87999916,23.78000069,23.87000084,20.19657135,18520800
7/19/2021,23.29999924,23.46999931,22.81999969,23.09000015,19.53660583,27087200
7/20/2021,22.82999992,23.22999954,22.63999939,23.11000061,19.55352783,24185500
7/21/2021,23.68000031,24.12000084,23.64999962,23.90999985,20.23041534,12075300
7/22/2021,23.90999985,23.90999985,23.46999931,23.62999916,19.99350166,8891300
7/23/2021,23.79000092,23.87000084,23.39999962,23.54000092,19.91735458,8833300
7/26/2021,23.87999916,24.42000008,23.85000038,24.32999992,20.58577728,10081000
7/27/2021,24.17000008,24.39999962,24.02000046,24.25,20.51809311,8707500
7/28/2021,24.25,24.52000046,24.18000031,24.39999962,20.64500427,7767200
7/29/2021,25.10000038,25.18000031,24.62000084,24.62999916,20.83960915,10361500
7/30/2021,24.35000038,24.43000031,24.05999947,24.18000031,20.4588604,11427600
8/2/2021,24.29999924,24.73999977,24.04000092,24.07999992,20.37425232,14522700
8/3/2021,25.26000023,25.78000069,24.82999992,25.69000053,21.73648262,23114200
8/4/2021,25.37999916,25.54999924,24.98999977,25.05999947,21.2034359,12701900
8/5/2021,25.44000053,25.62999916,25.25,25.34000015,21.44034767,9580700
8/6/2021,25.60000038,25.69000053,25.37000084,25.55999947,21.62648582,9165500
8/9/2021,25.37000084,25.51000023,25.23999977,25.28000069,21.38957787,9423500
8/10/2021,25.37999916,25.89999962,25.37000084,25.87999916,21.89724541,8632100
8/11/2021,25.82999992,26.10000038,25.67000008,26.06999969,22.05800438,8525800
8/12/2021,25.68000031,25.75,25.39999962,25.67000008,21.99630737,8873600
8/13/2021,25.42000008,25.54000092,25.20999908,25.21999931,21.61070824,6447700
8/16/2021,24.84000015,24.86000061,24.54000092,24.72999954,21.19083405,8491300
8/17/2021,24.70000076,25.18000031,24.56999969,24.77000046,21.22510719,7944700
8/18/2021,25.01000023,25.09000015,24.34000015,24.35000038,20.86521721,15179400
8/19/2021,23.85000038,23.93000031,23.38999939,23.55999947,20.18827629,18868700
8/20/2021,23.48999977,23.65999985,23.38999939,23.63999939,20.2568264,14979700
8/23/2021,24.20000076,24.51000023,24.18000031,24.38999939,20.89948845,11174300
8/24/2021,24.47999954,24.76000023,24.45000076,24.64999962,21.12228394,7890700
8/25/2021,24.54999924,24.70999908,24.44000053,24.62999916,21.10514259,6661300
8/26/2021,24.59000015,24.70000076,24.29000092,24.29999924,20.82237053,6231100
8/27/2021,24.59000015,25.07999992,24.56999969,24.94000053,21.37077713,9064400
8/30/2021,24.95000076,25,24.60000038,24.70000076,21.16512489,7539100
8/31/2021,24.62000084,24.78000069,24.44000053,24.45999908,20.95947075,8727900
9/1/2021,24.57999992,24.68000031,24.26000023,24.30999947,20.83093834,8882800
9/2/2021,24.62000084,25.03000069,24.57999992,24.84000015,21.28509331,8054000
9/3/2021,24.78000069,24.93000031,24.62000084,24.78000069,21.23368073,6735400
9/7/2021,24.63999939,24.95999908,24.54000092,24.59000015,21.07086563,6993200
9/8/2021,24.89999962,25,24.39999962,24.42000008,20.92520142,8838400
9/9/2021,24.26000023,24.54999924,24.17000008,24.30999947,20.83093834,9199200
9/10/2021,24.70000076,24.77000046,24.46999931,24.5,20.99374962,7679100
9/13/2021,24.79000092,25.18000031,24.79000092,25.04000092,21.4564724,10036400
9/14/2021,25.39999962,25.39999962,24.57999992,24.64999962,21.12228394,9315500
9/15/2021,25.37999916,25.86000061,25.36000061,25.77000046,22.08199883,15378600
9/16/2021,25.72999954,25.75,25.22999954,25.34000015,21.71353722,10188100
9/17/2021,25.42000008,25.46999931,24.95999908,25.23999977,21.62784386,13286500
9/20/2021,24.94000053,25.07999992,24.53000069,24.82999992,21.27651978,12748300
9/21/2021,25.46999931,25.53000069,25.07999992,25.22999954,21.61928177,12694800
9/22/2021,25.92000008,26.10000038,25.64999962,25.64999962,21.97916794,12788000
9/23/2021,25.78000069,26.25,25.64999962,26.15999985,22.41618538,10291200
9/24/2021,25.95999908,26.31999969,25.89999962,26.23999977,22.48473549,8346600
9/27/2021,26.90999985,27.23999977,26.89999962,27.07999992,23.20452118,15171200
9/28/2021,27.86000061,27.88999939,27.18000031,27.23999977,23.34162331,19706400
9/29/2021,27.03000069,27.28000069,26.71999931,27.11000061,23.2302227,10912500
9/30/2021,27.32999992,27.54999924,27.04000092,27.32999992,23.41874123,14574000
10/1/2021,27.40999985,27.73999977,27.30999947,27.60000038,23.65010452,10620200
10/4/2021,27.96999931,28.43000031,27.88999939,28.01000023,24.0014286,15151700
10/5/2021,28.39999962,28.78000069,28.18000031,28.42000008,24.35274506,14724200
10/6/2021,27.97999954,28.14999962,27.65999985,28.11000061,24.08711243,20228000
10/7/2021,27.96999931,28.32999992,27.84000015,28.22999954,24.18994141,11055400
10/8/2021,28.70000076,29,28.67000008,28.87000084,24.73834991,12630400
10/11/2021,29.39999962,29.54999924,29.04999924,29.10000038,24.93543816,11035000
10/12/2021,29.02000046,29.29000092,28.79000092,29.10000038,24.93543816,13346800
10/13/2021,28.73999977,29.31999969,28.57999992,29.19000053,25.01255226,9066600
10/14/2021,29.60000038,29.67000008,29.36000061,29.45000076,25.23534584,9777500
10/15/2021,29.96999931,30.11000061,29.86000061,29.93000031,25.64665031,11813100
10/18/2021,29.95000076,29.96999931,29.60000038,29.70999908,25.4581337,9172500
10/19/2021,29.92000008,30.02000046,29.78000069,29.86000061,25.58666801,6069400
10/20/2021,29.78000069,30.29000092,29.65999985,30.12999916,25.81802559,6858900
10/21/2021,29.88999939,29.98999977,29.28000069,29.44000053,25.22677422,9281900
10/22/2021,29.44000053,29.59000015,29.17000008,29.51000023,25.28675652,8098900
10/25/2021,29.85000038,29.94000053,29.56999969,29.70999908,25.4581337,6590800
10/26/2021,29.79999924,29.81999969,29.43000031,29.63999939,25.39815331,7329400
10/27/2021,29.26000023,29.73999977,29.18000031,29.25,25.06396866,10507000
10/28/2021,29.12000084,29.27000046,28.87999916,29.21999931,25.03825951,8716700
10/29/2021,28.97999954,29.12000084,28.62999916,28.79000092,24.6697979,11075700
11/1/2021,29.19000053,29.37999916,29.05999947,29.28000069,25.089674,10519900
11/2/2021,28.37000084,28.42000008,27.92000008,27.94000053,23.94144058,18798700
11/3/2021,27.46999931,27.54999924,27.21999931,27.26000023,23.35875893,16392200
11/4/2021,27.64999962,27.84000015,27.17000008,27.30999947,23.4016037,12463800
11/5/2021,27.93000031,27.95000076,27.56999969,27.85000038,23.86432266,8295300
11/8/2021,28.05999947,28.29999924,27.84000015,28.02000046,24.00999451,8086700
11/9/2021,28.13999939,28.21999931,27.71999931,28.20000076,24.16423416,7522700
11/10/2021,28,28.09000015,27.28000069,27.42000008,23.77236176,8165000
11/11/2021,27.59000015,27.86000061,27.37999916,27.40999985,23.76369286,6749100
11/12/2021,27.34000015,27.54000092,27.27000046,27.37999916,23.73768425,6929500
11/15/2021,27.44000053,27.64999962,27.07999992,27.54999924,23.88506889,7681100
11/16/2021,27.95999908,28.01000023,27.62999916,27.67000008,23.98910522,7109500
11/17/2021,27.56999969,27.87000084,27.37999916,27.43000031,23.78103447,5335100
11/18/2021,27.04000092,27.32999992,26.90999985,27.29000092,23.65965652,9157300
11/19/2021,26.37000084,26.51000023,26.10000038,26.22999954,22.74066544,12258700
11/22/2021,26.25,26.94000053,26.21999931,26.65999985,23.11346436,10026500
11/23/2021,27.05999947,27.51000023,27.05999947,27.45999908,23.80703926,9979100
11/24/2021,27.26000023,27.70000076,27.25,27.64999962,23.97177124,7204900
11/26/2021,25.77000046,25.98999977,25.45999908,25.95999908,22.50658226,16770400
11/29/2021,26.48999977,26.69000053,26.14999962,26.18000031,22.69731712,10096600
11/30/2021,26.06999969,26.27000046,25.70999908,25.95999908,22.50658226,13760200
12/1/2021,26.62000084,26.76000023,25.71999931,25.73999977,22.31585121,9829500
12/2/2021,26.45000076,27.18000031,26.28000069,27.05999947,23.46025467,15192600
12/3/2021,27.44000053,27.45999908,26.76000023,26.90999985,23.33020782,10792200
12/6/2021,27.64999962,27.70000076,27.29999924,27.32999992,23.69433594,10104700
12/7/2021,27.65999985,27.90999985,27.45999908,27.54000092,23.8764019,9051800
12/8/2021,27.64999962,27.79999924,27.45999908,27.5,23.84172249,7878100
12/9/2021,27.14999962,27.25,26.90999985,27.15999985,23.54694939,9527400
12/10/2021,27.42000008,27.45000076,27.12000084,27.40999985,23.76369286,8256600
12/13/2021,26.87999916,26.96999931,26.54999924,26.59000015,23.05277443,8849000
12/14/2021,26.48999977,26.92000008,26.46999931,26.54999924,23.01809692,8619800
12/15/2021,26.51000023,26.70000076,26.05999947,26.62000084,23.07878685,9290800
12/16/2021,26.87999916,27.13999939,26.70000076,26.72999954,23.17415428,10366100
12/17/2021,26.73999977,26.73999977,26.29999924,26.29999924,22.80135155,11410000
12/20/2021,25.84000015,25.86000061,25.32999992,25.64999962,22.23782349,28787900
12/21/2021,26.04000092,26.53000069,26.03000069,26.43000031,22.9140625,14712800
12/22/2021,26.60000038,26.84000015,26.35000038,26.77000046,23.20882988,10692100
12/23/2021,27.17000008,27.45000076,26.94000053,26.96999931,23.38222694,10719400
12/27/2021,26.79000092,27.15999985,26.47999954,27.13999939,23.52961349,8460600
12/28/2021,27.15999985,27.30999947,26.89999962,27.06999969,23.46891785,8450300
12/29/2021,27.11000061,27.27000046,26.95000076,26.98999977,23.39956665,10909100
12/30/2021,27.07999992,27.20000076,26.68000031,26.69000053,23.13947296,9713800
12/31/2021,26.54999924,26.73999977,26.51000023,26.62999916,23.08745384,6484100
1/3/2022,26.69000053,27.47999954,26.64999962,27.37000084,23.72901344,9785600
1/4/2022,28.12999916,28.70000076,28.11000061,28.54999924,24.75203896,15444300
1/5/2022,28.93000031,29.06999969,28.36000061,28.37000084,24.59598541,13507900
1/6/2022,29.02000046,29.12000084,28.59000015,28.80999947,24.97745323,13366900
1/7/2022,29.27000046,29.70000076,29.07999992,29.67000008,25.72304916,16171800
1/10/2022,29.86000061,29.95999908,29.37999916,29.55999947,25.62768555,10207300
1/11/2022,29.79999924,30.59000015,29.67000008,30.54000092,26.47731781,14559100
1/12/2022,31.12999916,31.39999962,31.04999924,31.19000053,27.04084778,19244700
1/13/2022,31.39999962,31.60000038,31.15999985,31.21999931,27.06685638,14885600
1/14/2022,31.62999916,32.06999969,31.59000015,32.04000092,27.7777729,19625900
1/18/2022,32.40000153,32.56000137,31.89999962,32.38000107,28.07254028,16067600
1/19/2022,32.50999832,32.63999939,31.73999977,32.09999847,27.82978821,14456700
1/20/2022,31.53000069,31.96999931,31.32999992,31.36000061,27.18823433,12563100
1/21/2022,30.85000038,31.07999992,30.54999924,30.70999908,26.62469864,17472600
1/24/2022,29.39999962,29.98999977,28.88999939,29.97999954,25.99180794,20993700
1/25/2022,30.25,31.47999954,29.85000038,31.39999962,27.22290802,17655000
1/26/2022,32.00999832,32.13000107,31.23999977,31.5,27.30960655,16620000
1/27/2022,32.02000046,32.15000153,31.13999939,31.53000069,27.33561516,14698700
1/28/2022,31.04999924,31.35000038,30.64999962,31.06999969,26.93680954,14609200
1/31/2022,31.12000084,31.13999939,30.75,30.92000008,26.8067627,10179000
2/1/2022,31.20000076,31.88999939,31.06999969,31.76000023,27.53502274,15409100
2/2/2022,31.79999924,32.02999878,31.62000084,31.95999908,27.70841599,11775200
2/3/2022,32.06999969,32.34000015,31.68000031,32.15000153,27.87314034,13173100
2/4/2022,32.72000122,33.18999863,32.68999863,32.88000107,28.50602722,16951100
2/7/2022,32.68999863,33.59000015,32.56000137,33.34000015,28.90483284,15654900
2/8/2022,33.45999908,33.56000137,32.27999878,32.81000137,28.44534111,19711100
2/9/2022,33.27999878,33.70000076,32.91999817,32.99000168,28.60139656,17658600
2/10/2022,33,33.61999893,32.93000031,33.06000137,28.66208076,13024300
2/11/2022,33.56999969,34.15999985,33.15000153,33.22999954,28.80946732,29645900
2/14/2022,33.13000107,33.15999985,32.15999985,32.45000076,28.13323021,20608500
2/15/2022,31.98999977,32.29999924,31.45999908,32.15999985,27.88180923,19787000
2/16/2022,32.47000122,33,32.41999817,32.47999954,28.15923882,15300500
2/17/2022,32.47999954,32.59000015,32,32.29000092,28.28009987,12509600
2/18/2022,32.09000015,32.15999985,31.62000084,31.77000046,27.82467651,11377300
2/22/2022,31.77000046,31.87999916,30.80999947,31.05999947,27.20284843,16344100
2/23/2022,31.20999908,31.39999962,31.01000023,31.12999916,27.26415634,11924500
2/24/2022,29.77000046,30.01000023,28.51000023,29.17000008,25.54755592,39965300
2/25/2022,30.05999947,30.75,29.95000076,30.72999954,26.9138279,22371600
2/28/2022,28.53000069,29.35000038,28.31999969,29.20999908,25.5825882,37847800
3/1/2022,28.78000069,29.32999992,28.18000031,28.48999977,24.95200157,24860000
3/2/2022,29.81999969,30.32999992,29.67000008,30.11000061,26.37082481,28593500
3/3/2022,29.18000031,29.47999954,28.62999916,28.73999977,25.17095375,18735700
3/4/2022,28.02000046,28.19000053,27.55999947,28.01000023,24.53161049,22937200
3/7/2022,28.37000084,28.72999954,27.96999931,28.5,24.96076202,26330200
3/8/2022,29.44000053,30.27000046,29.07999992,29.75,26.05552864,33894400
3/9/2022,29.10000038,29.54000092,28.71999931,29.03000069,25.42494392,24512200
3/10/2022,28.87999916,29.12999916,28.54999924,29.03000069,25.42494392,20436700
3/11/2022,28.37999916,28.76000023,28.20000076,28.27000046,24.75932312,19553800
3/14/2022,27.87999916,28.09000015,27.44000053,27.86000061,24.40023994,19434700
3/15/2022,27.61000061,28.32999992,27.30999947,28.04999924,24.56664467,15614600
3/16/2022,28.38999939,28.62000084,28.13999939,28.61000061,25.05709648,17662100
3/17/2022,28.96999931,29.22999954,28.80999947,29.04000092,25.43369865,18703900
3/18/2022,28.65999985,28.85000038,28.37000084,28.73999977,25.17095375,16269400
3/21/2022,29.40999985,29.87000084,29.39999962,29.79999924,26.09931755,13650800
3/22/2022,29.90999985,29.90999985,29.34000015,29.67000008,25.9854641,10811700
3/23/2022,30.5,30.95999908,30.38999939,30.76000023,26.94010353,21290000
3/24/2022,31,31.06999969,30.61000061,30.73999977,26.92258835,10445400
3/25/2022,30.59000015,31.23999977,30.57999992,31.04999924,27.19408798,16918100
3/28/2022,30.20999908,30.22999954,29.80999947,29.93000031,26.21317482,14869200
3/29/2022,29.25,29.67000008,28.97999954,29.61000061,25.93291664,15603500
3/30/2022,29.94000053,30.34000015,29.88999939,30.06999969,26.33579063,14757400
3/31/2022,29.72999954,29.90999985,29.37999916,29.39999962,25.74899673,13423500
4/1/2022,29.54999924,29.87000084,29.45000076,29.84000015,26.13435555,10204600
4/4/2022,30,30.04000092,29.62000084,29.79000092,26.09056091,13298000
4/5/2022,30.09000015,30.30999947,29.55999947,29.70000076,26.01173592,19572600
4/6/2022,30,30.11000061,29.44000053,29.59000015,25.91539574,12974700
4/7/2022,29.88999939,30.02000046,29.32999992,29.86000061,26.15186882,14060200
4/8/2022,29.92000008,30.56999969,29.92000008,30.46999931,26.68611717,15492700
4/11/2022,30.45999908,30.48999977,29.88999939,29.96999931,26.24821091,10320500
4/12/2022,30.67000008,31.05999947,30.52000046,30.54000092,26.74742508,10874500
4/13/2022,31.07999992,31.25,30.94000053,31.20999908,27.33421707,9507300
4/14/2022,31.22999954,31.42000008,31.07999992,31.29000092,27.40428925,8472500
4/18/2022,31.34000015,31.45999908,31.04999924,31.25,27.36925316,7479100
4/19/2022,31.34000015,31.75,31.21999931,31.40999985,27.50938225,9101400
4/20/2022,31.31999969,31.48999977,31.13999939,31.39999962,27.50062561,8730000
4/21/2022,31.62999916,31.73999977,30.70999908,30.80999947,26.98389244,9336700
4/22/2022,30.51000023,30.78000069,29.77000046,29.87999916,26.16938591,12247200
4/25/2022,28.80999947,28.88999939,27.93000031,28.72999954,25.16219711,18157200
4/26/2022,28.29000092,28.90999985,28.27000046,28.35000038,24.82938576,13884400
4/27/2022,28.45999908,28.77000046,28.22999954,28.60000038,25.04833984,13325300
4/28/2022,28.87000084,29.42000008,28.44000053,29.35000038,25.7052021,13893300
4/29/2022,29.29999924,29.52000046,28.69000053,28.71999931,25.15343857,15366900
5/2/2022,28.54999924,28.87000084,28.15999985,28.86000061,25.27605057,12851400
5/3/2022,30.29999924,31.29999924,30.23999977,31.18000031,27.30794716,19291500
5/4/2022,31.54999924,31.93000031,31.12000084,31.85000038,27.89474297,15372200
5/5/2022,31.64999962,31.73999977,30.79000092,31.21999931,27.34297752,16744900
5/6/2022,31.71999931,31.89999962,31.35000038,31.86000061,27.90350151,17155400
5/9/2022,30.86000061,30.87000084,29.60000038,29.68000031,25.99422264,18948100
5/10/2022,30.21999931,30.44000053,29.25,29.88999939,26.17814064,15934800
5/11/2022,30.77000046,31.14999962,30.17000008,30.21999931,26.46716309,15016900
5/12/2022,29.64999962,29.70000076,28.93000031,29.61000061,26.21747589,17077000
5/13/2022,29.98999977,30.62000084,29.97999954,30.48999977,26.99664688,14035100
5/16/2022,30.62000084,31.29000092,30.60000038,31.02000046,27.46592522,16776700
5/17/2022,31.55999947,31.69000053,31.27000046,31.47999954,27.87322044,10712200
5/18/2022,31.87999916,32.06000137,30.94000053,31.11000061,27.54561234,11209700
5/19/2022,30.54999924,31.38999939,30.54999924,31.03000069,27.47477913,12418400
5/20/2022,31.37000084,31.79999924,30.75,31.28000069,27.69613457,12702100
5/23/2022,32,32.34000015,31.86000061,32.11000061,28.4310379,12621600
5/24/2022,31.78000069,32.18000031,31.54999924,32.08000183,28.40447426,10519300
5/25/2022,32.13999939,32.43999863,31.95999908,32.36999893,28.66124725,9442200
5/26/2022,32.56999969,32.91999817,32.54000092,32.66999817,28.92687798,10621700
5/27/2022,32.40999985,32.65999985,32.24000168,32.56000137,28.82948112,8402000
5/31/2022,33.04000092,33.20999908,32.34000015,32.36999893,28.66124725,13369100
6/1/2022,32.72000122,32.84999847,32.18000031,32.68999863,28.9445858,9856100
6/2/2022,32.36999893,32.99000168,32.27999878,32.81999969,29.05968857,7617100
6/3/2022,32.77999878,33.04000092,32.74000168,32.97999954,29.2013607,8163200
6/6/2022,33.20000076,33.36999893,32.99000168,33.09999847,29.30760956,6750800
6/7/2022,33.31000137,34.20000076,33.27999878,34.18999863,30.27272224,13863200
6/8/2022,33.91999817,34.29999924,33.75999832,34.11999893,30.21074677,9720600
6/9/2022,33.93999863,34.02999878,33.50999832,33.52000046,29.67949104,7967700
6/10/2022,32.5,32.65999985,32.15999985,32.45999908,28.74093819,12174600
6/13/2022,31.45000076,31.69000053,30.55999947,31.21999931,27.64300919,16638300
6/14/2022,31.54000092,31.89999962,30.48999977,30.86000061,27.32425499,11609600
6/15/2022,31.25,31.38999939,30.29000092,31.02000046,27.46592522,10857400
6/16/2022,29.76000023,30.01000023,29.45000076,29.57999992,26.19090843,15950300
6/17/2022,29.11000061,29.30999947,27.69000053,27.76000023,24.57943535,23876100
6/21/2022,29.18000031,29.27000046,28.81999969,29.12000084,25.78361702,13941900
6/22/2022,28.04999924,28.44000053,27.85000038,28.09000015,24.8716259,12525500
6/23/2022,28.26000023,28.26000023,27.05999947,27.36000061,24.2252655,13695400
6/24/2022,28.18000031,28.53000069,27.87999916,28.22999954,24.99558449,12357900
6/27/2022,28.64999962,29.05999947,28.5,28.70000076,25.41173744,10856600
6/28/2022,29.32999992,29.53000069,28.79000092,29.06999969,25.73934364,13488600
6/29/2022,29.60000038,29.71999931,28.70999908,28.77000046,25.47371674,15388700
6/30/2022,28.47999954,28.53000069,27.93000031,28.35000038,25.10183525,12473700
7/1/2022,27.95000076,28.32999992,27.29999924,28.28000069,25.03985786,11915100
7/5/2022,27.40999985,27.45999908,26.53000069,27.14999962,24.03932381,17328600
7/6/2022,26.87000084,27.18000031,26.03000069,26.71999931,23.65858841,13916900
7/7/2022,27.94000053,28.09000015,27.61000061,27.78000069,24.59714317,16520500
7/8/2022,28.35000038,28.45999908,27.63999939,27.84000015,24.65026855,11372000
7/11/2022,27.45000076,27.59000015,27.09000015,27.45999908,24.31380653,10139700
7/12/2022,26.70999908,27.02000046,26.55999947,26.87999916,23.80025673,12383500
7/13/2022,26.67000008,27.28000069,26.62999916,27.01000023,23.91536522,9221000
7/14/2022,25.64999962,26.04000092,25.37000084,26.02000046,23.03879166,14617400
7/15/2022,26.70000076,26.79000092,26.34000015,26.65999985,23.60546494,9124600
7/18/2022,27.79999924,27.95000076,27.21999931,27.32999992,24.19869995,10364700
7/19/2022,27.52000046,28.12000084,27.51000023,28.05999947,24.84506226,10550500
7/20/2022,28.07999992,28.22999954,27.79999924,28.13999939,24.91589546,9983600
7/21/2022,27.21999931,27.81999969,27.10000038,27.78000069,24.59714317,9413900
7/22/2022,27.61000061,27.87999916,27.31999969,27.54999924,24.39349556,10903500
7/25/2022,27.76000023,28.12000084,27.55999947,28.12000084,24.89818954,8862500
7/26/2022,28.35000038,28.43000031,27.89999962,28.06999969,24.85391617,8057700
7/27/2022,28.35000038,28.86000061,28.07999992,28.76000023,25.4648571,9767400
7/28/2022,28.48999977,28.57999992,28.02000046,28.46999931,25.20808601,13455800
7/29/2022,28.79999924,29.43000031,28.79999924,29.37999916,26.01382446,14193000
8/1/2022,29,29.11000061,28.73999977,29.04999924,25.721632,13983600
8/2/2022,30,30.11000061,29.35000038,29.36000061,25.99611473,17030700
8/3/2022,30.20999908,30.26000023,29.60000038,29.69000053,26.28830719,13523800
8/4/2022,29.94000053,29.95999908,29.31999969,29.35000038,25.98726273,14429000
8/5/2022,29.06999969,29.94000053,29.06999969,29.65999985,26.26174355,12266100
8/8/2022,30.34000015,30.45000076,30.04000092,30.15999985,26.70445633,9676100
8/9/2022,30.70000076,30.87999916,30.46999931,30.56999969,27.0674839,9564900
8/10/2022,31,31.01000023,30.54000092,30.79999924,27.27112961,11735500
8/11/2022,31.34000015,31.56999969,31.15999985,31.42000008,28.14910889,11116000
8/12/2022,31.30999947,31.70999908,31.13999939,31.67000008,28.37308311,7814000
8/15/2022,30.44000053,31,30.28000069,30.95999908,27.73699379,8130900
8/16/2022,31.04999924,31.21999931,30.85000038,30.93000031,27.71011543,8540700
8/17/2022,31.03000069,31.43000031,30.78000069,31.29000092,28.03264236,9541200
8/18/2022,31.65999985,31.95000076,31.57999992,31.92000008,28.59705734,9264800
8/19/2022,31.82999992,31.93000031,31.46999931,31.51000023,28.22973824,16594600
8/22/2022,31.53000069,31.79000092,31.28000069,31.70999908,28.40892029,10577100
8/23/2022,32.18999863,32.70999908,32.15999985,32.54999924,29.16147614,10199500
8/24/2022,32.04000092,32.38999939,31.90999985,32.29000092,28.92853928,8896300
8/25/2022,32.65000153,32.81000137,32.5,32.66999817,29.26898193,6996800
8/26/2022,32.70000076,32.88999939,32.24000168,32.33000183,28.96437836,9500300
8/29/2022,31.93000031,32.79000092,31.90999985,32.47000122,29.08979988,7155000
8/30/2022,31.67000008,31.70999908,31.20999908,31.42000008,28.14910889,11848100
8/31/2022,30.20999908,31.18000031,30.12000084,30.84000015,27.6294899,14191900
9/1/2022,30.52000046,30.70999908,30.20000076,30.59000015,27.40551758,8779900
9/2/2022,31.62999916,31.71999931,31.02000046,31.12999916,27.88929939,12041100
9/6/2022,31.52000046,31.60000038,31.03000069,31.12999916,27.88929939,9529400
9/7/2022,30.48999977,30.70000076,30.20000076,30.67000008,27.47718811,10867700
9/8/2022,30.44000053,30.79999924,30.35000038,30.70000076,27.50406647,9721700
9/9/2022,31.45000076,31.72999954,31.32999992,31.69000053,28.39100456,8657100
9/12/2022,32.13000107,32.41999817,31.96999931,32.13000107,28.78519821,7723000
9/13/2022,31.72999954,32.15999985,31.62000084,31.77000046,28.462677,10144600
9/14/2022,31.97999954,32.36999893,31.84000015,32.08000183,28.74040222,7688200
9/15/2022,31.45000076,31.67000008,31.35000038,31.5,28.22077942,9639400
9/16/2022,31.28000069,31.30999947,30.70000076,31.01000023,27.78179359,7943400
9/19/2022,30.35000038,30.93000031,30.29000092,30.89999962,27.6832428,5023100
9/20/2022,31.17000008,31.19000053,30.84000015,31,27.77283287,7236500
9/21/2022,31.27000046,31.36000061,30.52000046,30.52000046,27.34280396,7877300
9/22/2022,31.25,31.40999985,30.79000092,30.79000092,27.58469582,8809700
9/23/2022,29.05999947,29.11000061,27.95000076,28.07999992,25.15680885,17738100
9/26/2022,27.81999969,28.18000031,27.20999908,27.26000023,24.42217445,17517500
9/27/2022,27.82999992,28.04999924,27.39999962,27.54999924,24.68198395,13906800
9/28/2022,27.62999916,28.63999939,27.53000069,28.55999947,25.58684158,12249500
9/29/2022,28.36000061,28.80999947,28.02000046,28.75,25.7570591,10891100
9/30/2022,28.54000092,29.06999969,28.45000076,28.54999924,25.57788086,7811100
10/3/2022,29.82999992,30.22999954,29.75,30.10000038,26.96652603,9804800
10/4/2022,30.5,31.31999969,30.44000053,31.28000069,28.02368355,11348800
10/5/2022,30.97999954,31.5,30.76000023,31.37999916,28.11327171,12498200
10/6/2022,30.42000008,31.20999908,30.39999962,31.13999939,27.8982563,16464300
10/7/2022,31.26000023,31.53000069,30.90999985,31.07999992,27.84450531,11040900
10/10/2022,30.84000015,31.01000023,30.32999992,30.35000038,27.19049644,8890700
10/11/2022,30.04000092,30.44000053,29.73999977,29.80999947,26.70671272,8816900
10/12/2022,29.76000023,30.07999992,29.54000092,29.95000076,26.83214188,9185700
10/13/2022,30.02000046,31.30999947,30.02000046,31.14999962,27.90721512,12228600
10/14/2022,31.12000084,31.15999985,30.29999924,30.32999992,27.17258072,10543700
10/17/2022,30.53000069,30.93000031,30.47999954,30.47999954,27.30696487,8482800
10/18/2022,30.71999931,30.79999924,29.98999977,30.47999954,27.30696487,11167600
10/19/2022,30.46999931,30.97999954,30.43000031,30.89999962,27.6832428,9749300
10/20/2022,31.13999939,31.44000053,30.81999969,30.95999908,27.73699379,8263300
10/21/2022,30.78000069,31.42000008,30.70000076,31.36000061,28.09535789,11288800
10/24/2022,31.61000061,32.16999817,31.5,31.79999924,28.48955345,11514100
10/25/2022,32.02999878,32.16999817,31.87000084,32.08000183,28.74040222,7872800
10/26/2022,31.95999908,32.49000168,31.92000008,32.31000137,28.94645882,10742900
10/27/2022,33.43999863,33.65999985,33.15000153,33.22999954,29.77068138,12764300
10/28/2022,33.06000137,33.16999817,32.66999817,33.15000153,29.69901466,11293200
10/31/2022,32.66999817,33.38000107,32.63000107,33.27999878,29.81547737,10393700
11/1/2022,33.54000092,33.59000015,33.08000183,33.20000076,29.74381065,11157600
11/2/2022,33.25,33.54999924,32.72000122,32.75999832,29.3496151,11130500
11/3/2022,32.54999924,33.18000031,32.47000122,33.04000092,29.60046196,8239500
11/4/2022,33.90999985,34.09999847,33.59000015,33.91999817,30.38885498,10965600
11/7/2022,34.38999939,34.54000092,34.20000076,34.33000183,30.75617409,8989300
11/8/2022,33.88000107,34.00999832,33.45999908,33.72999954,30.21863556,8902800
11/9/2022,32.93999863,33.09999847,32.27999878,32.33000183,29.27684975,11371600
11/10/2022,33.24000168,33.25999832,32.65000153,32.95000076,29.8383007,10854300
11/11/2022,33.90999985,34.02999878,33.61999893,33.84000015,30.64424896,10413400
11/14/2022,33.58000183,33.93999863,33.52999878,33.54999924,30.38163567,6713500
11/15/2022,34,34.18999863,33.77999878,33.90999985,30.70763588,10269600
11/16/2022,34.36000061,34.45000076,33.86999893,33.97000122,30.76197243,8778600
11/17/2022,33.91999817,34.34999847,33.70999908,34.34999847,31.10608101,9614000
11/18/2022,33.75999832,34.13000107,33.43000031,34.04000092,30.82536125,6718500
11/21/2022,33.09000015,33.18000031,32.29999924,33.13000107,30.0012989,10601600
11/22/2022,34.36999893,34.95000076,34.20000076,34.88999939,31.59509087,15271400
11/23/2022,34.88000107,35.04999924,34.68999863,34.97999954,31.67658806,9561300
11/25/2022,35.20000076,35.5,35.11999893,35.27000046,31.93920517,3506800
11/28/2022,34.63000107,35.09999847,34.43000031,34.72999954,31.45020103,7479900
11/29/2022,35.20000076,35.72999954,35.16999817,35.31000137,31.97542572,8203900
11/30/2022,36.00999832,36.11000061,35.41999817,35.90000153,32.5097084,13261300
12/1/2022,35.99000168,36.09999847,35.63999939,35.72000122,32.34670639,7051300
12/2/2022,35.13000107,35.47999954,35.09999847,35.36000061,32.02070236,7595000
12/5/2022,35.79000092,35.95000076,34.79999924,35,31.69470024,7165100
12/6/2022,34.68000031,35.13000107,34.24000168,34.36999893,31.1241951,12890200
12/7/2022,34.18000031,34.49000168,33.77999878,33.90999985,30.70763588,10018300
12/8/2022,34.58000183,34.65999985,33.79999924,33.93000031,30.72575188,8826900
12/9/2022,33.86999893,34.16999817,33.66999817,33.70999908,30.5265255,6311800
12/12/2022,33.81000137,34.25,33.74000168,34.09999847,30.87969398,5890900
12/13/2022,34.90999985,35.15999985,34.79000092,35.00999832,31.70375443,9256400
12/14/2022,35.02999878,35.16999817,34.63999939,34.79999924,31.51358986,7252800
12/15/2022,34.52999878,34.63999939,34,34.27999878,31.04269409,7088500
12/16/2022,33.38000107,33.74000168,33.13999939,33.68000031,30.49936295,10431900
12/19/2022,34.22000122,34.27999878,33.79999924,33.95000076,30.74386597,7513300
12/20/2022,34.00999832,34.31000137,33.86000061,34.08000183,30.8615818,5286300
12/21/2022,34.72999954,35.15999985,34.49000168,35.02999878,31.7218647,8138400
12/22/2022,34.68999863,34.79000092,33.97000122,34.40999985,31.16041946,6249900
12/23/2022,34.63000107,35.04999924,34.52999878,35.00999832,31.70375443,5191800
12/27/2022,35,35.15999985,34.88000107,35.04000092,31.73092842,4325800
12/28/2022,35.41999817,35.41999817,34.49000168,34.58000183,31.31436729,5232400
12/29/2022,34.54000092,34.84999847,34.49000168,34.70000076,31.42303467,4881500
12/30/2022,34.52000046,34.95999908,34.47000122,34.93000031,31.63131332,4823000
1/3/2023,35,35.18999863,34.09000015,34.31999969,31.07892036,7967400
1/4/2023,33.79999924,34.06000137,33.52999878,33.77999878,30.58991432,7492400
1/5/2023,33.58000183,33.99000168,33.56000137,33.90000153,30.69858742,6440200
1/6/2023,34.18999863,34.59999847,34.02000046,34.45999908,31.20569611,6855400
1/9/2023,35.13999939,35.25,34.59999847,34.77000046,31.48642349,7831300
1/10/2023,34.81000137,34.93000031,34.50999832,34.84999847,31.55886459,6508600
1/11/2023,34.90999985,35.04999924,34.65999985,35.04000092,31.73092842,7073300
1/12/2023,35.13000107,35.63000107,34.88999939,35.31000137,31.97542572,8934700
1/13/2023,35.40000153,35.56999969,35.25,35.56000137,32.20181274,7235200
1/17/2023,35.56000137,35.88000107,35.52000046,35.68999863,32.3195343,6708100
1/18/2023,36.18000031,36.22999954,35.33000183,35.34000015,32.00259018,8686700
1/19/2023,35.15999985,35.72000122,35.11000061,35.54000092,32.18370438,8334000
1/20/2023,35.31999969,35.5,35.20999908,35.5,32.14748001,11760700
1/23/2023,35.5,35.79999924,35.38000107,35.58000183,32.21992874,6143600
1/24/2023,35.11999893,35.33000183,34.81000137,35.29000092,31.95731163,6575900
1/25/2023,35,35.27999878,34.75999832,35.24000168,31.91203499,8041800
1/26/2023,35.70999908,36.34999847,35.58000183,36.25,32.82665634,12180700
1/27/2023,36.41999817,36.59999847,36.13999939,36.31999969,32.89004517,8445500
1/30/2023,36.54000092,36.59000015,36.15000153,36.16999817,32.75420761,6724300
1/31/2023,35.84999847,36.24000168,35.63000107,36.22999954,32.80854416,8023000
2/1/2023,36.50999832,36.68999863,35.88999939,36.43999863,32.99870682,10643700
2/2/2023,36.31000137,36.34000015,34.84999847,35.20000076,31.87581253,16777900
2/3/2023,35.29000092,35.77000046,34.97000122,35.15000153,31.8305378,10281900
2/6/2023,34.95000076,35.06000137,34.27999878,34.84000015,31.54981422,14223000
2/7/2023,36.27000046,37.93000031,36.18999863,37.75,34.18499756,25213500
2/8/2023,38.13000107,38.99000168,38,38.65000153,35.00000763,18957400
2/9/2023,39.36000061,40.06000137,39.20000076,39.54999924,35.81501389,20258200
2/10/2023,40.54000092,40.84999847,40.31999969,40.65000153,36.81113434,19905000
2/13/2023,40.40000153,40.68000031,40.20999908,40.61000061,36.77490997,8658900
2/14/2023,40.54000092,41.38000107,40.47000122,41.02000046,37.14619064,8974900
2/15/2023,40.56000137,40.88999939,40.27999878,40.88000107,37.01941299,13698900
2/16/2023,40.36999893,41.25,40.34000015,40.95000076,37.44645309,15847600
2/17/2023,40.27999878,40.40999985,39.95999908,40.02000046,36.59602356,15846200
2/21/2023,39.93999863,40.20999908,39.75,39.77000046,36.36741638,8579500
2/22/2023,39.54000092,39.54000092,38.72999954,38.93000031,35.5992775,10401400
2/23/2023,39.70999908,39.81000137,39.29000092,39.68000031,36.28511047,9015300
2/24/2023,39.45999908,39.70999908,39.20000076,39.70000076,36.30340195,6980900
2/27/2023,40.08000183,40.45000076,39.88000107,40.22000122,36.77891159,8712100
2/28/2023,40.47999954,40.52999878,39.58000183,39.59999847,36.21195602,8506000
3/1/2023,39.75999832,40.04999924,39.63999939,39.93000031,36.51372147,6031100
3/2/2023,39.90000153,40.38999939,39.81000137,40.25999832,36.81548691,5961400
3/3/2023,39.27999878,40.29999924,39.27000046,40.22000122,36.77891159,6833100
3/6/2023,40.22999954,40.54999924,40.09999847,40.41999817,36.96180344,7710000
3/7/2023,40.11000061,40.18000031,39.58000183,39.79999924,36.39484024,6987600
3/8/2023,39.74000168,40.11000061,39.34000015,39.65999985,36.266819,6250300
3/9/2023,39.74000168,40.04999924,39.24000168,39.34000015,35.97419739,5999900
3/10/2023,39.5,39.86000061,38.90999985,39.00999832,35.67242813,7628400
3/13/2023,37.49000168,38.61000061,37.36999893,38.00999832,34.75799179,13377100
3/14/2023,38.04999924,38.90000153,37.84000015,38.25,34.97745514,8748900
3/15/2023,36.06999969,36.43999863,34.99000168,35.84999847,32.78279495,18693800
3/16/2023,34.40000153,35.66999817,34.13999939,35.61999893,32.5724678,16101900
3/17/2023,35.52000046,35.68999863,34.77999878,35.16999817,32.16096878,11139300
3/20/2023,35.72000122,36.15999985,35.52000046,35.79999924,32.73707199,10671900
3/21/2023,37.09999847,37.27000046,36.59000015,37.02000046,33.85269547,9470100
3/22/2023,36.86999893,37.45000076,36.79999924,36.81999969,33.66980362,8746700
3/23/2023,36.99000168,37.25999832,36.20000076,36.47999954,33.35889053,9883700
3/24/2023,35.63000107,36.02000046,35.16999817,35.88000107,32.81022263,11142200
3/27/2023,36.52000046,37.11000061,36.24000168,36.88000107,33.72467422,9415300
3/28/2023,37.24000168,37.72000122,37.13000107,37.43000031,34.22761536,8476900
3/29/2023,37.79999924,37.81000137,37.52999878,37.68999863,34.46536636,7810900
3/30/2023,38.18000031,38.22000122,37.88000107,37.97999954,34.73055649,6624500
3/31/2023,37.97999954,38.09999847,37.74000168,37.93999863,34.69397736,6858100
4/3/2023,39.86999893,40.11000061,39.52000046,39.74000168,36.33998108,11855400
4/4/2023,39.91999817,39.93000031,39.13999939,39.33000183,35.96505737,8587200
4/5/2023,39.95999908,40.04000092,39.43999863,39.88999939,36.47714615,12102200
4/6/2023,39.81000137,39.86999893,39.45000076,39.50999832,36.12965393,8896800
4/10/2023,39.47999954,39.84999847,39.38999939,39.70000076,36.30340195,4363300
4/11/2023,40.00999832,40.11000061,39.81000137,39.86000061,36.44971466,5451300
4/12/2023,40.33000183,40.5,40.13000107,40.20000076,36.76062393,6818800
4/13/2023,40.36999893,40.52000046,40.25,40.45999908,36.99837112,4368500
4/14/2023,40.45000076,40.61999893,40.22000122,40.58000183,37.10811234,5918600
4/17/2023,40.65999985,40.66999817,40.27999878,40.43000031,36.97094727,6162200
4/18/2023,40.34999847,40.70000076,40.25999832,40.65000153,37.17212677,5220400
4/19/2023,39.79999924,40.06999969,39.63999939,40.06000137,36.63260269,7029200
4/20/2023,39.43999863,39.86999893,39.43000031,39.86000061,36.44971466,5517100
4/21/2023,39.38000107,39.65000153,39.31999969,39.63999939,36.24853516,7416300
4/24/2023,39.43000031,40.22999954,39.40999985,40.09999847,36.66917419,6726300
4/25/2023,39.84000015,39.86000061,39.13999939,39.56999969,36.18452454,9306800
4/26/2023,39.93999863,40,39.27000046,39.41999817,36.04735565,7172100
4/27/2023,39.09000015,39.47999954,39.00999832,39.34000015,35.97419739,5701200
4/28/2023,39.38999939,40.45999908,39.22999954,40.27999878,36.83377838,8185200
5/1/2023,39.97999954,40.41999817,39.84000015,40.00999832,36.58687592,6697300
5/2/2023,37.36000061,37.38000107,36.27000046,36.77999878,33.63322449,21471300
5/3/2023,36.41999817,36.86000061,36.34000015,36.45999908,33.34059906,13226900
5/4/2023,36.13999939,36.40999985,35.70000076,36.11000061,33.02055359,14519500
5/5/2023,37.06999969,37.40999985,37.06000137,37.13000107,33.9532814,9646400
5/8/2023,37.43000031,37.47999954,36.95999908,37.02999878,33.86183548,7541200
5/9/2023,36.65999985,37.25,36.58000183,36.99000168,33.82526016,8576500
5/10/2023,37.13000107,37.16999817,36.47999954,36.75,33.60579681,7624700
5/11/2023,35.70000076,35.99000168,35.5,35.97000122,33.2517395,7755700
5/12/2023,36.34000015,36.45999908,35.68999863,35.81000137,33.10382843,8230400
5/15/2023,36.18999863,36.36999893,35.91999817,36.18999863,33.45511246,8605700
5/16/2023,35.86999893,36.06999969,35.45000076,35.54000092,32.8542366,7748500
5/17/2023,35.99000168,36.20999908,35.65999985,36,33.27946472,8234200
5/18/2023,36.22000122,36.22000122,35.56999969,35.95999908,33.24249268,10478500
5/19/2023,36.25,36.40000153,35.86999893,36.02999878,33.30720139,8653800
5/22/2023,35.70999908,36.09000015,35.68000031,35.88999939,33.17778397,6357700
5/23/2023,36.18999863,36.49000168,36.04999924,36.18000031,33.44586945,7124000
5/24/2023,36.02000046,36.22000122,35.68999863,36.04000092,33.31644821,8476200
5/25/2023,35.27000046,35.40999985,34.99000168,35.36000061,32.68783569,10845700
5/26/2023,35.43999863,35.63000107,35.20999908,35.54999924,32.8634758,6290000
5/30/2023,34.81999969,35.06000137,34.61999893,34.99000168,32.34579849,8122100
5/31/2023,33.65000153,33.97000122,33.61999893,33.70999908,31.16252518,13729200
6/1/2023,34.15999985,34.91999817,34.06000137,34.72000122,32.09620285,8329800
6/2/2023,35.47999954,35.81000137,35.47999954,35.65000153,32.95592499,9014000
6/5/2023,35.84999847,35.91999817,35.22000122,35.34000015,32.66934204,6971800
6/6/2023,34.70000076,35.31999969,34.65999985,35.29999924,32.63236618,6038800
6/7/2023,35.25999832,35.74000168,35.22999954,35.70999908,33.01138306,7988900
6/8/2023,35.84000015,35.88000107,35.25,35.81000137,33.10382843,7189500
6/9/2023,35.47000122,35.74000168,35.31999969,35.47000122,32.78952026,5431500
6/12/2023,34.91999817,35.16999817,34.65000153,34.77000046,32.14242172,7998300
6/13/2023,35.25999832,35.66999817,35.02999878,35.08000183,32.42899704,7196800
6/14/2023,35.5,35.72000122,34.81999969,35.04999924,32.40126419,9444700
6/15/2023,34.93000031,35.59999847,34.93000031,35.38000107,32.70632935,13610500
6/16/2023,35.45999908,35.52999878,35.25,35.34999847,32.67858887,6858300
6/20/2023,35.27000046,35.31999969,34.75,35.06999969,32.41975021,5370800
6/21/2023,35.11000061,35.63000107,35.06000137,35.43000031,32.75254822,4606800
6/22/2023,35.08000183,35.33000183,34.99000168,35.24000168,32.5769043,8551900
6/23/2023,34.86000061,34.91999817,34.65999985,34.81000137,32.17939758,5489100
6/26/2023,34.81000137,35.31999969,34.77999878,35.24000168,32.5769043,6721700
6/27/2023,34.95000076,34.97999954,34.56999969,34.84999847,32.21637344,7850100
6/28/2023,34.59999847,34.95000076,34.34000015,34.88999939,32.25335312,6952200
6/29/2023,34.83000183,35.06000137,34.65000153,34.97000122,32.32730865,5458600
6/30/2023,35.49000168,35.5,35.20000076,35.29000092,32.62312317,6768500
7/3/2023,36.04000092,36.11999893,35.75,35.93000031,33.21475983,4804600
7/5/2023,35.75,35.81000137,35.15000153,35.29999924,32.63236618,5926700
7/6/2023,34.90999985,35.06000137,34.40000153,34.79000092,32.16090775,6807300
7/7/2023,34.56000137,35.40000153,34.52999878,35.25,32.58614349,7188600
7/10/2023,35.29000092,35.45999908,35.09999847,35.20999908,32.54917145,4787500
7/11/2023,35.47999954,35.91999817,35.43999863,35.90999985,33.19626999,5646200
7/12/2023,36.91999817,36.93999863,36.18999863,36.31000137,33.56604767,13552000
7/13/2023,36.79999924,36.93999863,36.33000183,36.52999878,33.76942062,10494500
7/14/2023,36.36999893,36.36999893,35.49000168,35.52000046,32.83574677,10106400
7/17/2023,35.68999863,35.70999908,35.29999924,35.31999969,32.65085602,10187000
7/18/2023,35.47999954,36.02000046,35.41999817,35.79000092,33.08534241,8266300
7/19/2023,36.06000137,36.49000168,36.00999832,36.15000153,33.41814041,8662500
7/20/2023,36.47999954,36.81999969,36.31000137,36.54000092,33.77866364,7044500
7/21/2023,36.65999985,36.77000046,36.43999863,36.70000076,33.92657089,5169800
7/24/2023,36.93999863,37.36999893,36.90000153,37.18000031,34.37029266,7404900
7/25/2023,36.97000122,37.27999878,36.84000015,37.22999954,34.41652298,4626000
7/26/2023,36.84999847,37.22000122,36.81000137,37.09999847,34.29634094,4615500
7/27/2023,37.02000046,37.18000031,36.56999969,36.65999985,33.88959503,7273300
7/28/2023,36.68000031,36.84999847,36.36999893,36.70999908,33.9358139,4743300
7/31/2023,36.75999832,37.34999847,36.75999832,37.29999924,34.48123169,8361300
8/1/2023,37.56000137,37.75,36.66999817,36.95999908,34.16691971,9389800
8/2/2023,36.61000061,36.70999908,35.90000153,36.02999878,33.30720139,7722400
8/3/2023,36,36.58000183,35.77999878,36.45999908,33.70470428,7857900
8/4/2023,36.79000092,37.33000183,36.75999832,36.79999924,34.01901245,6918200
8/7/2023,37.02000046,37.08000183,36.79000092,37.04000092,34.24087524,5681100
8/8/2023,36.27999878,36.99000168,36.00999832,36.97000122,34.17617035,6322000
8/9/2023,37.49000168,37.77999878,37.27999878,37.41999817,34.59215546,7656200
8/10/2023,37.49000168,37.63999939,37.00999832,37.08000183,34.68195343,7751000
8/11/2023,36.70000076,37.18000031,36.70000076,37.09999847,34.70065689,5934600
8/14/2023,36.58000183,36.84999847,36.29000092,36.68000031,34.30781937,8277400
8/15/2023,36.40999985,36.49000168,36.02000046,36.06999969,33.73727417,7412100
8/16/2023,35.99000168,36.31999969,35.84000015,35.88999939,33.56891251,4891100
8/17/2023,36.27999878,36.45000076,36.04999924,36.09000015,33.75597763,5115100
8/18/2023,35.70000076,36.31999969,35.66999817,36.24000168,33.89627838,4613000
8/21/2023,36.70999908,36.88999939,36.45000076,36.58000183,34.21429062,5647500
8/22/2023,36.65000153,36.68999863,36.36000061,36.36999893,34.01786423,5290300
8/23/2023,35.81000137,36.09000015,35.52999878,36,33.67179489,5535000
8/24/2023,35.70999908,36.11999893,35.70000076,35.77000046,33.45666885,4432700
8/25/2023,36.18999863,36.27999878,35.83000183,36.15000153,33.81209564,5173400
8/28/2023,36.31999969,36.75999832,36.20999908,36.63999939,34.27040863,5890000
8/29/2023,36.88000107,37.11999893,36.56000137,37.09999847,34.70065689,6164700
8/30/2023,37.45999908,37.59000015,37.27999878,37.29000092,34.87836838,5825100
8/31/2023,37.36000061,37.36000061,36.95999908,37.18000031,34.77548599,5120400
9/1/2023,38.08000183,38.24000168,37.83000183,38.13000107,35.66405106,6244900
9/5/2023,38.65000153,38.74000168,38.33000183,38.40000153,35.91658783,6156600
9/6/2023,38.65999985,38.97999954,38.52999878,38.83000183,36.31877518,6261800
9/7/2023,38.61999893,38.83000183,38.43000031,38.50999832,36.01947021,4917900
9/8/2023,38.65999985,38.88999939,38.5,38.66999817,36.1691246,4845700
9/11/2023,39.00999832,39.20999908,38.56999969,38.61000061,36.11299896,7062800
9/12/2023,38.84000015,39.72999954,37.95000076,38.09999847,35.63598251,35223200
9/13/2023,38.72000122,38.77000046,37.93999863,38.25999832,35.7856369,17667500
9/14/2023,38.81000137,39.20999908,38.72999954,39.09999847,36.57131195,7691800
9/15/2023,38.93000031,39.11000061,38.74000168,38.75,36.24394608,6986300
9/18/2023,38.77000046,38.81000137,38.43999863,38.56000137,36.0662384,7068400
9/19/2023,39,39.16999817,38.75,38.81999969,36.30942154,8477100
9/20/2023,38.58000183,39.08000183,38.56999969,38.61999893,36.12235641,7432000
9/21/2023,38.81000137,38.97000122,38.09999847,38.11000061,35.64533615,6510700
9/22/2023,38.84999847,38.95999908,38.34999847,38.43999863,35.95399475,9066600
9/25/2023,38.43999863,38.86999893,38.18999863,38.75,36.24394608,7964700
9/26/2023,38.66999817,38.97999954,38.52999878,38.63999939,36.14106369,6931200
9/27/2023,39,39.49000168,38.90999985,39.47999954,36.92673492,11048900
9/28/2023,39.36999893,39.65999985,39.25999832,39.43000031,36.87997437,6237900
9/29/2023,39.38000107,39.47000122,38.68999863,38.72000122,36.21588898,8012900
10/2/2023,38.70999908,38.74000168,37.61999893,37.81999969,35.3740921,8101600
10/3/2023,37.49000168,37.70000076,37.22999954,37.59999847,35.16832352,7532200
10/4/2023,36.79999924,36.86999893,36.02999878,36.31000137,33.96175003,11062800
10/5/2023,35.88000107,36.58000183,35.84000015,36.40999985,34.05528259,7834900
10/6/2023,36.97999954,37.47000122,36.59000015,37.27000046,34.8596611,10420100
10/9/2023,38.18999863,38.43000031,37.97000122,38.38000107,35.89788055,9959100
10/10/2023,38.41999817,38.79999924,38.31000137,38.61999893,36.12235641,8930600
10/11/2023,38.79999924,38.90999985,38.29999924,38.65000153,36.15042114,7900500
10/12/2023,39.43000031,39.49000168,38.91999817,39.29000092,36.74902725,15540100
10/13/2023,40,40.16999817,39.70000076,40.00999832,37.42245865,13412100
10/16/2023,40.16999817,40.33000183,39.68999863,40.22000122,37.61888504,8508800
10/17/2023,40.31999969,40.81999969,40.31000137,40.81000137,38.17072678,8865100
10/18/2023,40.68999863,40.84000015,40.45000076,40.72000122,38.08654785,7136900
10/19/2023,40.16999817,40.56000137,39.93000031,40.33000183,37.72177124,7909500
10/20/2023,40.15000153,40.36999893,39.61000061,39.61000061,37.04833221,6281000
10/23/2023,39.13000107,39.20000076,38.56999969,38.90000153,36.38425064,10895100
10/24/2023,39.31999969,39.31999969,38.77999878,38.79000092,36.28136444,8776300
10/25/2023,39.04000092,39.20999908,38.83000183,39.06000137,36.53390121,6059100
10/26/2023,38.61000061,38.95999908,38.38999939,38.81999969,36.30942154,6167600
10/27/2023,39.13999939,39.22000122,38.36999893,38.63999939,36.14106369,9061400
10/30/2023,38.31000137,38.63999939,38.09000015,38.34999847,35.86981201,10120600
10/31/2023,36.45999908,36.93999863,35.99000168,36.58000183,34.21429062,20235900
11/1/2023,36.29000092,36.61000061,35.93999863,36.09000015,33.75597763,13198800
11/2/2023,36.16999817,36.93999863,36.09999847,36.86000061,34.47618484,11805300
11/3/2023,35.95999908,36.43999863,35.75999832,36.20000076,33.85886002,11278700
11/6/2023,36.65999985,36.65999985,36.27999878,36.29999924,33.95240021,8019900
11/7/2023,35.75,35.81000137,35.34999847,35.47000122,33.17607498,9173900
11/8/2023,35.34000015,35.45999908,34.83000183,34.90000153,32.64294052,15163200
11/9/2023,34.84999847,35.11000061,34.63999939,34.68000031,32.84752274,8490100
11/10/2023,35.11000061,35.16999817,34.68999863,35.08000183,33.22639084,7234000
11/13/2023,35.40000153,35.75999832,35.34999847,35.70000076,33.81362915,6733500
11/14/2023,35.75999832,36.09000015,35.72000122,35.84999847,33.95569992,7451300
11/15/2023,35.84000015,36.06999969,35.56999969,35.59000015,33.70944214,7116100
11/16/2023,35.04999924,35.11999893,34.70000076,35.02000046,33.16955948,7896000
11/17/2023,35.34000015,35.81000137,35.31000137,35.61000061,33.72838211,7348200
11/20/2023,35.88000107,36.11999893,35.81999969,35.88000107,33.98411942,6382200
11/21/2023,35.79999924,35.88000107,35.63000107,35.74000168,33.85151291,5190200
11/22/2023,34.65000153,35.31000137,34.45999908,35.27000046,33.406353,10502100
11/24/2023,35.90000153,36.11999893,35.79000092,35.81999969,33.92728424,4233100
11/27/2023,36.04000092,36.09999847,35.81000137,35.93999863,34.04093933,8413100
11/28/2023,35.97999954,36.24000168,35.86000061,35.93999863,34.04093933,6016400
11/29/2023,36.04000092,36.22999954,35.81999969,36.06999969,34.16407776,9570700
11/30/2023,36.59999847,36.81000137,36.04999924,36.29000092,34.37245178,12310800
12/1/2023,36.08000183,36.47999954,35.95000076,35.97999954,34.07883072,10122300
12/4/2023,35.63999939,35.88999939,35.41999817,35.59000015,33.70944214,8805600
12/5/2023,35.77999878,35.86000061,35.27000046,35.29000092,33.42529297,6153600
12/6/2023,35.43000031,35.56999969,34.84000015,34.84999847,33.00854492,8903800
12/7/2023,34.90999985,35,34.47999954,34.68999863,32.85699463,7833000
12/8/2023,35.08000183,35.40000153,35.02000046,35.29999924,33.43476105,8230400
12/11/2023,35.15000153,35.38000107,35,35.13000107,33.27374649,6558700
12/12/2023,34.81000137,34.84999847,34.54999924,34.75999832,32.92329788,6366400
12/13/2023,34.54999924,35.13000107,34.25,35.02999878,33.17902756,9787500
12/14/2023,35.68999863,35.93000031,35.56000137,35.79999924,33.90834427,9350300
12/15/2023,35.24000168,35.31000137,34.75999832,34.81000137,32.97065735,10286500
12/18/2023,35.5,35.59000015,35.06000137,35.11999893,33.26427078,6903200
12/19/2023,35.25,35.49000168,35.09999847,35.40000153,33.52947998,7517300
12/20/2023,35.36999893,35.52000046,34.97000122,35.02000046,33.16955948,9181800
12/21/2023,35.27000046,35.47999954,35.20000076,35.45999908,33.58630753,5446900
12/22/2023,35.70000076,35.72999954,35.33000183,35.33000183,33.46318054,4127400
12/26/2023,35.50999832,35.88999939,35.45000076,35.66999817,33.78521347,4949600
12/27/2023,35.72999954,35.90000153,35.65000153,35.72999954,33.8420372,6352400
12/28/2023,35.52000046,35.70999908,35.31999969,35.33000183,33.46318054,5069600
12/29/2023,35.38000107,35.50999832,35.27999878,35.40000153,33.52947998,3688000
1/2/2024,35.63999939,35.81999969,35.43000031,35.5,33.62419128,6915200
1/3/2024,35.56999969,36.18000031,35.43999863,36,34.09777451,8032400
1/4/2024,36.43999863,36.47999954,35.72999954,35.75999832,33.8704567,6915000
1/5/2024,36.15999985,36.25,35.83000183,36.02999878,34.12618637,8369000
1/8/2024,35.36999893,35.45999908,35.00999832,35.43000031,33.55789185,11581400
1/9/2024,35.5,35.50999832,34.88999939,34.88999939,33.04642487,9485800
1/10/2024,35.06999969,35.09999847,34.61999893,34.70000076,32.86646652,9578500
1/11/2024,35,35.04000092,34.52000046,34.61000061,32.7812233,10093300
1/12/2024,35.11000061,35.20000076,34.70999908,34.86000061,33.018013,9341200
1/16/2024,34.59999847,34.61000061,34.08000183,34.27999878,32.46866226,10905700
1/17/2024,33.77000046,34.15000153,33.52000046,33.90000153,32.10873795,9598300
1/18/2024,33.95999908,34.04999924,33.59999847,34.02999878,32.23186874,11095000
1/19/2024,34.02000046,34.02000046,33.75,33.84999847,32.06138229,9522800
1/22/2024,34,34.36000061,33.61999893,34.25,32.44024658,11724900
1/23/2024,34.09000015,34.41999817,34.08000183,34.25,32.44024658,8103400
1/24/2024,34.47000122,34.61999893,34.40000153,34.56000137,32.73386765,9333900
1/25/2024,34.84999847,35.15999985,34.63999939,35.15000153,33.29269409,8407900
1/26/2024,35.43000031,35.63999939,35.09999847,35.63000107,33.7473259,8554200
1/29/2024,35.68000031,35.70000076,35.29000092,35.63000107,33.7473259,7709000
1/30/2024,35.5,35.91999817,35.27999878,35.88999939,33.99358749,8170100
1/31/2024,35.61000061,35.70999908,35.08000183,35.09999847,33.24533081,9114000
2/1/2024,35.41999817,35.68000031,34.93000031,35.13000107,33.27374649,11885600
2/2/2024,34.84000015,34.90000153,34.45999908,34.63999939,32.80963516,14649200
2/5/2024,34.04999924,34.5,33.93000031,34.24000168,32.43077469,14072800
2/6/2024,35.75999832,36.52999878,35.74000168,36.38999939,34.4671669,19734900
2/7/2024,36.18000031,36.34999847,35.90000153,36.16999817,34.25878906,13891100
2/8/2024,36.13000107,36.31000137,35.97000122,36.20999908,34.29667664,8758400
2/9/2024,36.47000122,36.66999817,36.22999954,36.36000061,34.43875504,9577400
2/12/2024,36.34999847,36.54999924,36.22000122,36.43000031,34.50505447,7292600
2/13/2024,36.61999893,36.65000153,35.83000183,36.04000092,34.13566208,8375000
2/14/2024,36.20000076,36.29000092,35.59999847,35.75999832,33.8704567,11756200
2/15/2024,34.86000061,35.72000122,34.84000015,35.61000061,34.14468765,10280800
2/16/2024,35.72999954,35.77000046,35.45000076,35.45000076,33.99127197,7085900
2/20/2024,35.56000137,35.59000015,35.27000046,35.38000107,33.92415237,7849200
2/21/2024,35.40999985,35.77000046,35.27999878,35.70000076,34.23098755,9099500
2/22/2024,35.52000046,35.66999817,35.22000122,35.49000168,34.02962494,5497300
2/23/2024,35.22999954,35.45999908,35.04999924,35.38000107,33.92415237,6716100
2/26/2024,35.38000107,35.54000092,35.22000122,35.31999969,33.86662292,5200900
2/27/2024,35.54999924,35.63999939,35.31999969,35.41999817,33.96250153,10365600
2/28/2024,35.20999908,35.38000107,34.93999863,34.95999908,33.52143097,9406600
2/29/2024,35.06999969,35.18999863,34.86999893,34.99000168,33.55020142,9328600
3/1/2024,35.43000031,35.81999969,35.31999969,35.63999939,34.17345047,7269000
3/4/2024,36,36.02999878,35.61000061,35.66999817,34.2022171,7039700
3/5/2024,35.63999939,35.95000076,35.58000183,35.79999924,34.32686996,5517700
3/6/2024,36.43999863,36.63999939,36.33000183,36.41999817,34.92135239,12111500
3/7/2024,36.31999969,36.65000153,36.27999878,36.43000031,34.93094635,6869000
3/8/2024,36.59999847,36.68999863,36.24000168,36.40999985,34.91176605,8779900
3/11/2024,36.15999985,36.49000168,35.95999908,36.49000168,34.98847961,7315500
3/12/2024,36.70000076,36.74000168,36.49000168,36.65000153,35.14189529,5561400
3/13/2024,37,37.38999939,37,37.31999969,35.78432465,8308000
3/14/2024,37.43999863,37.50999832,37.13999939,37.49000168,35.94733047,6310000
3/15/2024,37.58000183,37.79999924,37.40000153,37.49000168,35.94733047,6677900
3/18/2024,37.74000168,37.93999863,37.47000122,37.79000092,36.23498535,5722200
3/19/2024,37.77000046,38.04000092,37.74000168,37.84000015,36.28292465,6784500
3/20/2024,37.45000076,38.02000046,37.41999817,37.88999939,36.33086777,5237900
3/21/2024,37.93000031,38.04000092,37.65999985,37.72999954,36.17745209,8087300
3/22/2024,37.86999893,37.86999893,37.65999985,37.79999924,36.24457169,3696200
3/25/2024,38.11999893,38.47999954,38.11000061,38.25999832,36.68564224,8388700
3/26/2024,38.18999863,38.22000122,37.56000137,37.56999969,36.02403259,7600900
3/27/2024,37.22999954,37.49000168,37.18999863,37.45999908,35.91856003,5929300
3/28/2024,37.63999939,37.81000137,37.49000168,37.68000031,36.12950516,4795500
4/1/2024,37.86000061,38.04000092,37.29999924,37.93999863,36.37880707,6296900
4/2/2024,38.38000107,38.70999908,38.16999817,38.65000153,37.0595932,7712900
4/3/2024,38.56000137,38.93999863,38.34999847,38.81000137,37.2130127,8960600
4/4/2024,38.65000153,38.72999954,38.31000137,38.40000153,36.81988525,13924400
4/5/2024,38.47000122,38.70999908,38.15999985,38.65999985,37.06918335,13125600
4/8/2024,38.81000137,39.18999863,38.54999924,38.90999985,37.30889511,13684900
4/9/2024,39.49000168,39.54999924,39.15000153,39.29000092,37.67325974,12545900
4/10/2024,39.13999939,39.45999908,38.91999817,39.41999817,37.7979126,13987900
4/11/2024,39.75,40,38.90000153,39.65000153,38.01844406,16238800
4/12/2024,40.06999969,40.40000153,39.34999847,39.43999863,37.81708527,21704700
4/15/2024,39.52999878,39.54999924,38.93000031,39.06999969,37.46231461,18249000
4/16/2024,38.63999939,38.77999878,38.18999863,38.63000107,37.04041672,13299800
4/17/2024,38.56000137,38.88999939,38.11999893,38.36999893,36.79111481,10024300
4/18/2024,38.29000092,38.45999908,37.86999893,37.91999817,36.3596344,10051700
4/19/2024,38.11000061,38.56000137,38.02000046,38.52000046,36.93494415,10388400
4/22/2024,38.43000031,39.15000153,38.13000107,38.90999985,37.30889511,13435700
4/23/2024,38.90999985,39.47000122,38.68999863,39.29000092,37.67325974,13510600
4/24/2024,39.58000183,39.58000183,39.08000183,39.34000015,37.72120285,8037800
4/25/2024,39.40000153,39.72999954,39.09999847,39.61999893,37.98967743,6369900
4/26/2024,39.5,39.59999847,39.11000061,39.47000122,37.8458519,6807200
4/29/2024,39.41999817,39.54999924,39.29000092,39.47000122,37.8458519,9570400
4/30/2024,39.59000015,39.65999985,38.72999954,38.77000046,37.17465973,12085000
5/1/2024,38.43000031,38.52999878,37.99000168,38.22000122,36.64728928,11142200
5/2/2024,38.50999832,38.84000015,38.43999863,38.66999817,37.07876968,10021200
5/3/2024,38.47999954,38.74000168,38.11000061,38.70000076,37.10753632,8070800
5/6/2024,38.97999954,39.47999954,38.91999817,39.04000092,37.43354797,9853600
5/7/2024,38.13999939,38.27999878,37.50999832,37.58000183,36.03362656,15953100
5/8/2024,37.13999939,37.59000015,37.04000092,37.52999878,35.98567963,9648400
5/9/2024,37.84999847,38.09999847,37.77999878,38.04000092,36.47469711,7583000
5/10/2024,38.36999893,38.43999863,37.77999878,37.84000015,36.28292465,6165200
5/13/2024,38.04000092,38.15999985,37.88000107,38.09999847,36.53222656,6142900
5/14/2024,38.13999939,38.15999985,37.77999878,37.95999908,36.39798737,5925100
5/15/2024,37.84000015,37.93000031,37.27999878,37.75999832,36.2062149,7873600
5/16/2024,37.33000183,37.38999939,37.00999832,37.11000061,35.99862671,7899500
5/17/2024,37.29000092,37.59000015,37.20999908,37.49000168,36.36724854,6458500
5/20/2024,37.54000092,37.59999847,37.22000122,37.25999832,36.14413452,3736900
5/21/2024,37.29999924,37.47000122,37.02999878,37.06000137,35.95012665,6526900
5/22/2024,36.79000092,36.90000153,36.43999863,36.56000137,35.46509933,9517000
5/23/2024,37,37.15000153,36.33000183,36.41999817,35.32928848,7323700
5/24/2024,36.72000122,36.88999939,36.63999939,36.72000122,35.62030792,8183700
5/28/2024,37.31999969,37.49000168,37.11999893,37.40000153,36.27994156,8891700
5/29/2024,37.50999832,37.52000046,37,37.11999893,36.00832367,5612100
5/30/2024,36.90000153,37.13000107,36.81999969,36.93000031,35.82402039,5245400
5/31/2024,37.13000107,37.58000183,37.06000137,37.56999969,36.44485092,4452700
6/3/2024,37.29999924,37.31000137,36.34000015,36.40000153,35.30989075,7013500
6/4/2024,35.58000183,35.65999985,35.29000092,35.56000137,34.49504852,14236100
6/5/2024,35.65999985,35.65999985,35.22999954,35.33000183,34.27193451,5522100
6/6/2024,35.38999939,35.56000137,35.27000046,35.45000076,34.38834381,7633100
6/7/2024,35.34999847,35.63000107,35.13000107,35.25999832,34.20402908,9836900
6/10/2024,35.58000183,36.13999939,35.47000122,35.91999817,34.84426117,10587100
6/11/2024,35.70999908,35.86999893,35.50999832,35.66999817,34.60174942,5439900
6/12/2024,36.29000092,36.29999924,35.43000031,35.56000137,34.49504852,8880500
6/13/2024,35.43000031,35.47999954,34.99000168,35.18999863,34.13612747,5188000
6/14/2024,35.06999969,35.15000153,34.70999908,34.88999939,33.84511185,7014300
6/17/2024,35.02999878,35.22999954,34.72999954,35.11000061,34.05852127,5230500
6/18/2024,35.47999954,35.63999939,35.31999969,35.38999939,34.33013535,6023200
6/20/2024,35.54999924,35.91999817,35.47999954,35.70999908,34.64055252,5149000
6/21/2024,35.70999908,35.81000137,35.45999908,35.50999832,34.44654083,6500900
6/24/2024,35.72999954,36.34000015,35.72999954,36.25,35.16437912,5293000
6/25/2024,36.13000107,36.13000107,35.90999985,36.08000183,34.99947739,3785900
6/26/2024,35.84999847,35.88999939,35.58000183,35.72000122,34.6502533,6383100
6/27/2024,36.09999847,36.15999985,35.77999878,35.97000122,34.89276886,4268500
6/28/2024,36.15000153,36.25999832,35.86999893,36.09999847,35.01887512,5322000
7/1/2024,36.25,36.59000015,36.13000107,36.43000031,35.33899307,5982100
7/2/2024,36.84999847,36.91999817,36.58000183,36.75999832,35.65910721,7291000
7/3/2024,36.86999893,37.09000015,36.83000183,36.97000122,35.86281967,3536700
7/5/2024,37.38999939,37.38999939,36.88999939,37.04999924,35.94042206,4845300
7/8/2024,36.59999847,36.81999969,36.40999985,36.54999924,35.45539474,4226300
7/9/2024,34.79999924,35.18999863,34.65000153,34.79999924,33.75780487,13463300
7/10/2024,35.00999832,35.13999939,34.77999878,34.90000153,33.85481262,7657300
7/11/2024,34.86000061,35.09000015,34.70999908,35.04999924,34.00031662,8519100
7/12/2024,35.47999954,35.47999954,35.11999893,35.18999863,34.13612747,7897500
7/15/2024,35.00999832,35.20000076,34.75,35.02999878,33.98091507,8696000
7/16/2024,34.49000168,34.88999939,34.38000107,34.88999939,33.84511185,8226700
7/17/2024,35.04000092,35.54000092,35.04000092,35.41999817,34.35923386,7683400
7/18/2024,35.70999908,35.83000183,35.47000122,35.59000015,34.52414703,5479100
7/19/2024,35.33000183,35.61000061,35.20999908,35.38000107,34.32043839,5153400
7/22/2024,35.38000107,35.50999832,35.20999908,35.33000183,34.27193451,4811000
7/23/2024,35.06000137,35.09000015,34.77999878,34.95000076,33.9033165,5203500
7/24/2024,35.11000061,35.27999878,34.61999893,34.65000153,33.61230087,7232000
7/25/2024,34.81000137,35.31999969,34.63000107,35.18000031,34.1264267,5355300
7/26/2024,35.20999908,35.41999817,34.95999908,35.25,34.19433212,7135500
7/29/2024,35.38999939,35.41999817,34.72999954,34.95999908,33.91301346,12769000
7/30/2024,35.09999847,35.34999847,34.58000183,34.81000137,33.76750565,13968300
7/31/2024,35.43999863,35.56000137,35.16999817,35.38999939,34.33013535,9430600
8/1/2024,35.40999985,35.45999908,34.54000092,34.75999832,33.71900177,8320400
8/2/2024,34.41999817,34.56000137,33.88999939,34.08000183,33.05937195,11411600
8/5/2024,33,33.29000092,32.72000122,32.99000168,32.00201416,10021000
8/6/2024,32.52999878,33.20000076,32.50999832,32.93999863,31.95351028,8457700
8/7/2024,33.09999847,33.40000153,33.02000046,33.04999924,32.060215,8244700
8/8/2024,33.25,33.65000153,33.18999863,33.5,32.49673843,5262900
8/9/2024,33,33.38000107,32.88999939,33.25999832,32.73293304,5443000
8/12/2024,33.61000061,33.79000092,33.47999954,33.65000153,33.11675644,5847200
8/13/2024,33.61000061,33.79000092,33.45999908,33.70999908,33.17580414,5524600
8/14/2024,33.77000046,33.77999878,33.58000183,33.70000076,33.16596222,5685300
8/15/2024,34.09999847,34.20999908,33.95999908,34.11999893,33.57930756,4664700
8/16/2024,33.95999908,34.16999817,33.93999863,34.11000061,33.56946564,5158400
8/19/2024,34.27999878,34.54000092,34.11999893,34.13999939,33.59899139,4399700
8/20/2024,33.70000076,33.84999847,33.36000061,33.38000107,32.85103607,7044800
8/21/2024,33.72999954,33.79000092,33.47999954,33.52000046,32.98881531,4645200
8/22/2024,33.43999863,33.61999893,33.38000107,33.5,32.96913147,5308200
8/23/2024,33.77999878,34.11999893,33.66999817,34.11000061,33.56946564,5224600
8/26/2024,34.40000153,34.59000015,34.24000168,34.38999939,33.84502792,3711200
8/27/2024,34.50999832,34.52000046,34.16999817,34.38000107,33.83518982,4024700
8/28/2024,33.99000168,34.25,33.91999817,34.22999954,33.68756485,4091200
8/29/2024,34.31000137,34.5,34.13999939,34.47000122,33.92376328,4664900
8/30/2024,33.83000183,34,33.70000076,33.95999908,33.42184067,5680300
9/3/2024,33,33.06999969,32.70999908,32.86999893,32.34911346,9499500
9/4/2024,32.70999908,32.93000031,32.34000015,32.40999985,31.89640617,7381400
9/5/2024,32.75,32.75999832,32.31000137,32.34999847,31.83735466,7130100
9/6/2024,32.27999878,32.38999939,31.77000046,31.89999962,31.39448738,10259000
9/9/2024,31.88999939,32.04999924,31.78000069,31.79999924,31.29607201,8008000
9/10/2024,31.70999908,31.71999931,30.67000008,31.14999962,30.65637207,12806600
9/11/2024,31.43000031,31.45000076,30.96999931,31.29000092,30.79415512,8232600
9/12/2024,31.31999969,31.68000031,31.21999931,31.57999992,31.07955742,8158400
9/13/2024,31.86000061,32.02000046,31.70999908,31.84000015,31.33543777,6427300
9/16/2024,32.25999832,32.43000031,32.04999924,32.29999924,31.78814888,9370600
9/17/2024,32.24000168,32.59000015,32.18999863,32.54999924,32.03418732,6965600
9/18/2024,32.61000061,32.81000137,32.38000107,32.43000031,31.9160881,6125700
9/19/2024,33.11000061,33.20000076,32.70999908,32.75999832,32.24085617,11509400
9/20/2024,32.59000015,32.75999832,32.34000015,32.63999939,32.12276077,8271700
9/23/2024,32.72000122,33.09000015,32.65999985,32.86000061,32.33927536,7619300
9/24/2024,33.13000107,33.16999817,32.74000168,32.83000183,32.30975342,7696500
9/25/2024,32.38999939,32.41999817,31.65999985,31.68000031,31.1779747,8939100
9/26/2024,30.53000069,31,30.52000046,30.79000092,30.30207825,16447800
9/27/2024,31,31.46999931,30.89999962,31.42000008,30.92209435,11500200
9/30/2024,31.40999985,31.72999954,31.29999924,31.38999939,30.89256859,7312300
10/1/2024,31.35000038,32.27000046,31.29000092,32.09000015,31.58147621,13696100
10/2/2024,32.59000015,32.63999939,32.15000153,32.36999893,31.8570385,7982300
10/3/2024,32.04000092,32.54000092,31.88999939,32.45999908,31.94561195,10752900
10/4/2024,32.65000153,33.04999924,32.49000168,32.88000107,32.3589592,10106100
10/7/2024,33.09000015,33.29000092,33.00999832,33.13999939,32.61483765,5836800
10/8/2024,32.45000076,32.47000122,31.86000061,32.02999878,31.52242661,9039100
10/9/2024,31.67000008,32.08000183,31.59000015,31.97999954,31.47321892,6035200
10/10/2024,32.15000153,32.40000153,31.95000076,32.34000015,31.82751465,5886200
10/11/2024,32.06999969,32.33000183,32.04000092,32.11000061,31.60116005,7455500
10/14/2024,31.89999962,32.11000061,31.82999992,31.98999977,31.48306084,5522700
10/15/2024,30.85000038,31.09000015,30.70000076,30.73999977,30.25286865,13178000
10/16/2024,31.06999969,31.12999916,30.82999992,30.93000031,30.43985939,6393800
10/17/2024,31.04000092,31.35000038,30.96999931,31.31999969,30.82367897,8123200
10/18/2024,31.38999939,31.40999985,31.09000015,31.32999992,30.83352089,4465100
10/21/2024,31.72999954,31.86000061,31.45000076,31.46999931,30.97130013,6852100
10/22/2024,31.48999977,31.67000008,31.42000008,31.57999992,31.07955742,4391300
10/23/2024,31.37000084,31.45999908,31.06999969,31.30999947,30.81383705,6288700
10/24/2024,31.55999947,31.63999939,31.07999992,31.29999924,30.80399513,5995700
10/25/2024,31.60000038,31.68000031,31.37000084,31.52000046,31.02050972,4478400
10/28/2024,30.78000069,31.12999916,30.71999931,31.04999924,30.5579567,11988800
10/29/2024,29.89999962,29.92000008,29.36000061,29.36000061,28.89473915,21578400
10/30/2024,29.23999977,29.52000046,29,29.02000046,28.56012726,21972800
10/31/2024,29.17000008,29.48999977,29.01000023,29.36000061,28.89473915,11202800
11/1/2024,29.68000031,29.70000076,29.19000053,29.22999954,28.76679802,8962400
11/4/2024,29.67000008,29.95000076,29.62999916,29.72999954,29.25887489,8696300
11/5/2024,29.98999977,30.12000084,29.81999969,29.95999908,29.48522949,9060500
11/6/2024,29.70000076,30.25,29.57999992,30.15999985,29.68206024,10517200
11/7/2024,30.47999954,30.5,30.12999916,30.29000092,29.81000137,7590200
11/8/2024,29.20000076,29.22999954,28.79999924,28.93000031,28.93000031,11140900
11/11/2024,28.93000031,29.02000046,28.73999977,28.92000008,28.92000008,9526600
11/12/2024,28.52000046,28.59000015,28.03000069,28.15999985,28.15999985,14624000
11/13/2024,28.13999939,28.67000008,27.81999969,28.56999969,28.56999969,12243600
11/14/2024,28.88999939,29.06999969,28.76000023,29.04999924,29.04999924,11091800
11/15/2024,29.10000038,29.21999931,28.82999992,28.97999954,28.97999954,8120300
11/18/2024,29.29999924,29.5,29.23999977,29.42000008,29.42000008,10184800
11/19/2024,28.97999954,29.17000008,28.88999939,29.09000015,29.09000015,11686900
